mode,stage,time(s)
HILL,8,0.11471033096313477
HILL,9,0.5834071636199951
BFS,8,3.884782552719116
BFS,8,3.824450731277466
BFS,8,3.8066518306732178
DFS,8,0.6039779186248779
HILL,30,1.485335350036621
