mode,stage,time(s)
DFS,26,1546.7332363128662
DFS,28,2895.9015731811523
