mode,stage,time(s)
<<<<<<< HEAD
DFS,26,1546.7332363128662
DFS,28,2895.9015731811523
=======
HILL,8,0.11471033096313477
HILL,9,0.5834071636199951
BFS,8,3.884782552719116
BFS,8,3.824450731277466
BFS,8,3.8066518306732178
DFS,8,0.6039779186248779
HILL,30,1.485335350036621
>>>>>>> 56ee90ec2816d0f4cd83f200bf4dd4c09e3f1967
